i268.png,197.51485,73.17154,-112.40801,197.12256,66.22205,-94.883064,198.96753,66.02105,-94.83623,200.85152,65.795044,-94.8847,190.62495,66.35712,-110.05497,187.57904,66.16496,-110.0465,184.53348,66.04065,-110.07795,197.21065,67.61222,-1.136068,176.12006,68.23718,-72.483864,199.34315,79.11747,-77.98376,190.7004,79.31632,-98.2826,201.4893,103.438286,58.06503,156.39424,102.82586,-66.90522,209.5204,145.26468,-6.6601157,140.82372,150.73422,-174.6978,206.48453,108.94636,-110.37876,132.8466,110.17168,-319.6793,208.45593,98.336845,-127.99246,129.87857,98.470345,-347.80972,205.91626,94.421104,-120.857315,129.31448,91.487656,-347.5445,202.897,98.643074,-110.71104,132.7805,96.47514,-321.43,192.87877,200.34752,60.131004,167.39848,201.36688,-59.94813,199.64636,267.17633,109.65205,166.4359,274.34222,-67.65342,202.57191,330.5558,198.75333,152.00409,341.1978,-83.66684,195.78596,343.686,203.73126,143.08989,352.045,-89.11977,234.43338,346.067,153.40558,175.43723,364.84207,-170.48763
i269.png,219.51485,76.17154,-101.40801,212.12256,57.22205,-110.883064,202.96753,59.02105,-76.83623,184.85152,77.795044,-113.8847,180.62495,81.35712,-83.05497,208.57904,40.16496,-137.0465,199.53348,79.04065,-120.07795,176.21065,75.61222,28.863932,152.12006,62.23718,-65.483864,186.34315,59.11747,-81.98376,209.7004,71.31632,-71.2826,229.4893,121.438286,65.06503,148.39424,97.82586,-53.90522,198.5204,134.26468,19.3398843,163.82372,175.73422,-165.6978,181.48453,118.94636,-114.37876,131.8466,91.17168,-297.6793,202.45593,113.336845,-107.99246,121.87857,90.470345,-368.80972,206.91626,119.421104,-111.857315,101.31448,67.487656,-362.5445,209.897,68.643074,-123.71104,131.7805,104.47514,-309.43,178.87877,219.34752,88.131004,188.39848,200.36688,-29.94813,199.64636,239.17633,97.65205,150.4359,249.34222,-97.65342,190.57191,357.5558,190.75333,162.00409,343.1978,-93.66684,210.78596,328.686,197.73126,118.08989,359.045,-96.11977,256.43338,357.067,156.40558,145.43723,352.84207,-153.48763
i270.png,247.51485,71.17154,-101.40801,214.12256,46.22205,-140.883064,232.96753,46.02105,-88.83623,206.85152,62.795044,-88.8847,205.62495,101.35712,-60.05497,221.57904,39.16496,-136.0465,222.53348,78.04065,-107.07795,146.21065,88.61222,27.863932,178.12006,71.23718,-93.483864,213.34315,61.11747,-64.98376,218.7004,56.31632,-90.2826,209.4893,137.438286,75.06503,173.39424,100.82586,-49.90522,204.5204,106.26468,16.3398843,170.82372,146.73422,-195.6978,186.48453,106.94636,-132.37876,139.8466,97.17168,-313.6793,179.45593,136.336845,-90.99246,105.87857,100.470345,-391.80972,179.91626,90.421104,-82.857315,130.31448,94.487656,-391.5445,230.897,55.643074,-101.71104,138.7805,89.47514,-295.43,167.87877,228.34752,81.131004,163.39848,195.36688,-51.94813,187.64636,241.17633,110.65205,153.4359,267.34222,-113.65342,170.57191,349.5558,186.75333,174.00409,336.1978,-96.66684,240.78596,324.686,182.73126,106.08989,342.045,-105.11977,262.43338,329.067,149.40558,137.43723,332.84207,-154.48763
i271.png,263.51485,95.17154,-84.40801,217.12256,53.22205,-136.883064,241.96753,44.02105,-79.83623,195.85152,92.795044,-113.8847,192.62495,131.35712,-62.05497,203.57904,53.16496,-152.0465,195.53348,69.04065,-133.07795,119.21065,113.61222,34.863932,154.12006,55.23718,-82.483864,224.34315,44.11747,-39.98376,222.7004,64.31632,-89.2826,232.4893,120.438286,70.06503,150.39424,75.82586,-55.90522,233.5204,128.26468,-11.6601157,182.82372,152.73422,-224.6978,193.48453,106.94636,-159.37876,121.8466,121.17168,-332.6793,173.45593,141.336845,-66.99246,88.87857,96.470345,-362.80972,171.91626,98.421104,-71.857315,159.31448,65.487656,-418.5445,225.897,72.643074,-123.71104,110.7805,79.47514,-315.43,186.87877,246.34752,88.131004,167.39848,220.36688,-42.94813,171.64636,232.17633,104.65205,126.4359,255.34222,-84.65342,154.57191,356.5558,177.75333,200.00409,359.1978,-86.66684,216.78596,334.686,199.73126,108.08989,340.045,-110.11977,281.43338,305.067,168.40558,156.43723,304.84207,-134.48763
i272.png,278.51485,69.17154,-83.40801,197.12256,64.22205,-147.883064,245.96753,40.02105,-54.83623,212.85152,120.795044,-139.8847,170.62495,126.35712,-48.05497,227.57904,38.16496,-160.0465,191.53348,93.04065,-138.07795,93.21065,96.61222,16.863932,127.12006,60.23718,-72.483864,206.34315,30.11747,-51.98376,210.7004,36.31632,-112.2826,221.4893,94.438286,48.06503,154.39424,54.82586,-31.90522,229.5204,107.26468,7.3398843,191.82372,156.73422,-198.6978,205.48453,103.94636,-178.37876,97.8466,146.17168,-358.6793,160.45593,142.336845,-59.99246,101.87857,126.470345,-386.80972,190.91626,71.421104,-44.857315,182.31448,95.487656,-399.5445,239.897,82.643074,-113.71104,113.7805,86.47514,-305.43,158.87877,246.34752,64.131004,141.39848,225.36688,-40.94813,199.64636,217.17633,130.65205,140.4359,254.34222,-87.65342,131.57191,355.5558,183.75333,204.00409,355.1978,-111.66684,241.78596,307.686,206.73126,78.08989,350.045,-95.11977,285.43338,293.067,188.40558,168.43723,281.84207,-125.48763
i273.png,291.51485,94.17154,-67.40801,180.12256,66.22205,-161.883064,259.96753,51.02105,-81.83623,203.85152,103.795044,-120.8847,142.62495,151.35712,-52.05497,212.57904,62.16496,-139.0465,167.53348,88.04065,-128.07795,108.21065,115.61222,42.863932,142.12006,62.23718,-86.483864,177.34315,3.11747,-25.98376,217.7004,10.31632,-116.2826,240.4893,97.438286,34.06503,136.39424,57.82586,-9.90522,232.5204,134.26468,6.3398843,161.82372,174.73422,-207.6978,184.48453,75.94636,-202.37876,116.8466,145.17168,-365.6793,148.45593,116.336845,-75.99246,92.87857,131.470345,-359.80972,214.91626,53.421104,-30.857315,185.31448,68.487656,-394.5445,224.897,109.643074,-97.71104,93.7805,62.47514,-319.43,163.87877,258.34752,74.131004,145.39848,222.36688,-24.94813,184.64636,244.17633,104.65205,169.4359,246.34222,-110.65342,119.57191,343.5558,178.75333,218.00409,325.1978,-87.66684,259.78596,300.686,208.73126,60.08989,367.045,-85.11977,276.43338,274.067,184.40558,197.43723,297.84207,-136.48763
i274.png,267.51485,80.17154,-89.40801,210.12256,73.22205,-163.883064,280.96753,63.02105,-55.83623,183.85152,131.795044,-105.8847,112.62495,133.35712,-47.05497,190.57904,74.16496,-139.0465,185.53348,61.04065,-127.07795,131.21065,92.61222,54.863932,118.12006,71.23718,-62.483864,161.34315,-21.88253,-50.98376,214.7004,-2.68368,-111.2826,265.4893,101.438286,26.06503,117.39424,59.82586,-8.90522,213.5204,117.26468,-14.6601157,151.82372,203.73422,-235.6978,164.48453,69.94636,-174.37876,93.8466,145.17168,-345.6793,158.45593,108.336845,-74.99246,104.87857,151.470345,-352.80972,243.91626,41.421104,-18.857315,200.31448,72.487656,-392.5445,250.897,113.643074,-103.71104,115.7805,63.47514,-327.43,155.87877,239.34752,65.131004,156.39848,237.36688,-45.94813,173.64636,254.17633,110.65205,153.4359,237.34222,-110.65342,126.57191,367.5558,203.75333,235.00409,346.1978,-67.66684,272.78596,286.686,201.73126,47.08989,346.045,-110.11977,301.43338,293.067,158.40558,170.43723,273.84207,-139.48763
i275.png,281.51485,60.17154,-71.40801,235.12256,51.22205,-192.883064,257.96753,49.02105,-76.83623,202.85152,112.795044,-109.8847,94.62495,119.35712,-30.05497,201.57904,50.16496,-137.0465,181.53348,47.04065,-124.07795,101.21065,96.61222,34.863932,116.12006,59.23718,-87.483864,185.34315,-32.88253,-76.98376,242.7004,6.31632,-125.2826,253.4893,84.438286,0.06503,139.39424,75.82586,16.09478,203.5204,87.26468,-32.6601157,173.82372,187.73422,-221.6978,186.48453,83.94636,-164.37876,66.8466,128.17168,-315.6793,184.45593,96.336845,-65.99246,134.87857,121.470345,-337.80972,238.91626,46.421104,-11.857315,230.31448,82.487656,-371.5445,266.897,96.643074,-126.71104,139.7805,80.47514,-318.43,183.87877,268.34752,53.131004,158.39848,219.36688,-73.94813,169.64636,266.17633,111.65205,129.4359,246.34222,-130.65342,147.57191,359.5558,182.75333,229.00409,329.1978,-43.66684,282.78596,293.686,224.73126,35.08989,351.045,-131.11977,282.43338,266.067,180.40558,179.43723,296.84207,-145.48763
i276.png,291.51485,73.17154,-99.40801,240.12256,66.22205,-182.883064,227.96753,75.02105,-50.83623,210.85152,109.795044,-87.8847,76.62495,133.35712,-12.05497,224.57904,60.16496,-132.0465,200.53348,18.04065,-151.07795,78.21065,109.61222,8.863932,122.12006,70.23718,-93.483864,160.34315,-31.88253,-68.98376,222.7004,14.31632,-127.2826,245.4893,71.438286,18.06503,113.39424,105.82586,36.09478,208.5204,86.26468,-18.6601157,158.82372,217.73422,-217.6978,199.48453,92.94636,-160.37876,88.8466,155.17168,-330.6793,203.45593,88.336845,-91.99246,137.87857,125.470345,-356.80972,242.91626,64.421104,-13.857315,238.31448,76.487656,-365.5445,243.897,103.643074,-137.71104,131.7805,103.47514,-334.43,204.87877,262.34752,62.131004,180.39848,192.36688,-49.94813,174.64636,237.17633,129.65205,119.4359,273.34222,-133.65342,135.57191,348.5558,201.75333,205.00409,349.1978,-58.66684,276.78596,321.686,235.73126,9.08989,374.045,-153.11977,259.43338,263.067,210.40558,172.43723,268.84207,-161.48763
i277.png,272.51485,58.17154,-105.40801,260.12256,58.22205,-178.883064,223.96753,73.02105,-48.83623,219.85152,118.795044,-67.8847,57.62495,130.35712,-31.05497,227.57904,61.16496,-142.0465,229.53348,-0.95935,-160.07795,79.21065,130.61222,22.863932,152.12006,66.23718,-100.483864,156.34315,-26.88253,-38.98376,248.7004,17.31632,-98.2826,223.4893,96.438286,31.06503,117.39424,115.82586,54.09478,231.5204,110.26468,-0.6601157,174.82372,231.73422,-213.6978,179.48453,68.94636,-187.37876,97.8466,162.17168,-333.6793,204.45593,75.336845,-117.99246,167.87857,96.470345,-337.80972,221.91626,85.421104,-0.857315,256.31448,78.487656,-353.5445,268.897,95.643074,-160.71104,133.7805,133.47514,-333.43,216.87877,287.34752,76.131004,206.39848,174.36688,-67.94813,148.64636,211.17633,129.65205,115.4359,266.34222,-113.65342,116.57191,330.5558,206.75333,184.00409,327.1978,-36.66684,246.78596,347.686,246.73126,34.08989,379.045,-157.11977,268.43338,254.067,198.40558,192.43723,242.84207,-131.48763
i278.png,278.51485,55.17154,-132.40801,247.12256,78.22205,-187.883064,226.96753,75.02105,-59.83623,219.85152,137.795044,-62.8847,83.62495,135.35712,-15.05497,218.57904,67.16496,-125.0465,231.53348,-3.95935,-155.07795,75.21065,157.61222,28.863932,133.12006,43.23718,-75.483864,126.34315,-46.88253,-27.98376,233.7004,7.31632,-104.2826,199.4893,126.438286,58.06503,112.39424,85.82586,40.09478,204.5204,126.26468,27.3398843,148.82372,208.73422,-219.6978,185.48453,52.94636,-159.37876,118.8466,147.17168,-328.6793,201.45593,55.336845,-139.99246,164.87857,99.470345,-340.80972,231.91626,77.421104,-15.857315,249.31448,99.487656,-333.5445,294.897,106.643074,-163.71104,137.7805,159.47514,-348.43,211.87877,272.34752,89.131004,220.39848,181.36688,-97.94813,166.64636,187.17633,100.65205,137.4359,241.34222,-105.65342,128.57191,323.5558,210.75333,211.00409,332.1978,-45.66684,267.78596,320.686,227.73126,18.08989,357.045,-177.11977,296.43338,275.067,169.40558,217.43723,219.84207,-154.48763
i279.png,302.51485,61.17154,-157.40801,223.12256,62.22205,-200.883064,239.96753,98.02105,-57.83623,231.85152,154.795044,-69.8847,82.62495,106.35712,-32.05497,225.57904,59.16496,-104.0465,258.53348,-32.95935,-165.07795,79.21065,146.61222,10.863932,156.12006,32.23718,-81.483864,139.34315,-17.88253,-48.98376,232.7004,10.31632,-124.2826,181.4893,114.438286,54.06503,119.39424,112.82586,69.09478,174.5204,129.26468,51.3398843,138.82372,178.73422,-227.6978,208.48453,38.94636,-148.37876,88.8466,119.17168,-324.6793,196.45593,27.336845,-134.99246,175.87857,126.470345,-340.80972,249.91626,69.421104,7.142685,223.31448,100.487656,-339.5445,276.897,95.643074,-161.71104,132.7805,185.47514,-320.43,223.87877,267.34752,88.131004,208.39848,158.36688,-81.94813,174.64636,205.17633,121.65205,124.4359,249.34222,-104.65342,119.57191,339.5558,187.75333,190.00409,310.1978,-48.66684,254.78596,344.686,202.73126,19.08989,342.045,-188.11977,266.43338,290.067,169.40558,244.43723,208.84207,-175.48763
i280.png,298.51485,83.17154,-155.40801,251.12256,63.22205,-188.883064,229.96753,86.02105,-36.83623,213.85152,172.795044,-39.8847,95.62495,97.35712,-46.05497,210.57904,34.16496,-110.0465,235.53348,-10.95935,-144.07795,59.21065,157.61222,36.863932,156.12006,20.23718,-67.483864,141.34315,-3.88253,-76.98376,210.7004,-10.68368,-122.2826,197.4893,130.438286,45.06503,97.39424,82.82586,94.09478,159.5204,148.26468,69.3398843,160.82372,171.73422,-240.6978,191.48453,14.94636,-151.37876,76.8466,107.17168,-353.6793,212.45593,29.336845,-146.99246,191.87857,155.470345,-319.80972,255.91626,68.421104,11.142685,225.31448,114.487656,-329.5445,275.897,103.643074,-159.71104,135.7805,174.47514,-293.43,253.87877,288.34752,108.131004,215.39848,156.36688,-59.94813,174.64636,233.17633,123.65205,118.4359,231.34222,-115.65342,145.57191,315.5558,201.75333,201.00409,313.1978,-68.66684,250.78596,361.686,185.73126,-8.91011,362.045,-174.11977,277.43338,280.067,185.40558,256.43723,213.84207,-159.48763
i281.png,327.51485,98.17154,-158.40801,238.12256,85.22205,-211.883064,201.96753,58.02105,-44.83623,209.85152,191.795044,-21.8847,66.62495,109.35712,-58.05497,184.57904,53.16496,-132.0465,223.53348,1.04065,-165.07795,84.21065,164.61222,29.863932,181.12006,17.23718,-86.483864,161.34315,-2.88253,-83.98376,232.7004,5.31632,-106.2826,172.4893,153.438286,25.06503,93.39424,100.82586,114.09478,133.5204,142.26468,58.3398843,178.82372,194.73422,-265.6978,215.48453,6.94636,-145.37876,59.8466,134.17168,-340.6793,209.45593,-0.663155,-147.99246,166.87857,132.470345,-346.80972,235.91626,69.421104,37.142685,196.31448,102.487656,-346.5445,289.897,78.643074,-166.71104,141.7805,173.47514,-289.43,267.87877,272.34752,112.131004,212.39848,163.36688,-76.94813,172.64636,231.17633,136.65205,141.4359,221.34222,-99.65342,155.57191,322.5558,205.75333,225.00409,284.1978,-74.66684,234.78596,333.686,169.73126,-6.91011,377.045,-159.11977,292.43338,252.067,177.40558,246.43723,190.84207,-185.48763
i282.png,304.51485,72.17154,-147.40801,235.12256,84.22205,-227.883064,218.96753,37.02105,-33.83623,232.85152,191.795044,-31.8847,42.62495,83.35712,-72.05497,201.57904,70.16496,-153.0465,210.53348,-5.95935,-193.07795,56.21065,155.61222,14.863932,162.12006,26.23718,-91.483864,163.34315,-8.88253,-70.98376,212.7004,-7.68368,-86.2826,177.4893,168.438286,10.06503,77.39424,83.82586,118.09478,118.5204,144.26468,68.3398843,153.82372,196.73422,-284.6978,218.48453,19.94636,-167.37876,81.8466,116.17168,-355.6793,186.45593,-16.663155,-170.99246,165.87857,124.470345,-360.80972,227.91626,84.421104,51.142685,222.31448,78.487656,-322.5445,302.897,104.643074,-171.71104,168.7805,196.47514,-296.43,252.87877,279.34752,117.131004,218.39848,142.36688,-91.94813,200.64636,242.17633,165.65205,114.4359,222.34222,-106.65342,129.57191,345.5558,201.75333,238.00409,273.1978,-100.66684,237.78596,337.686,187.73126,-3.91011,350.045,-161.11977,319.43338,261.067,150.40558,250.43723,184.84207,-209.48763
i283.png,289.51485,91.17154,-173.40801,225.12256,62.22205,-210.883064,208.96753,53.02105,-5.83623,233.85152,191.795044,-59.8847,65.62495,90.35712,-73.05497,213.57904,87.16496,-149.0465,203.53348,4.04065,-218.07795,39.21065,145.61222,41.863932,168.12006,-3.76282,-79.483864,137.34315,9.11747,-75.98376,189.7004,12.31632,-70.2826,200.4893,186.438286,11.06503,53.39424,71.82586,117.09478,136.5204,150.26468,41.3398843,129.82372,166.73422,-268.6978,220.48453,31.94636,-150.37876,81.8466,130.17168,-347.6793,187.45593,-2.663155,-156.99246,154.87857,119.470345,-359.80972,199.91626,92.421104,71.142685,201.31448,95.487656,-329.5445,296.897,113.643074,-167.71104,150.7805,225.47514,-313.43,247.87877,281.34752,125.131004,246.39848,159.36688,-113.94813,194.64636,271.17633,177.65205,110.4359,196.34222,-135.65342,155.57191,330.5558,185.75333,239.00409,290.1978,-125.66684,262.78596,323.686,177.73126,-30.91011,340.045,-149.11977,294.43338,260.067,144.40558,236.43723,174.84207,-203.48763
i284.png,265.51485,121.17154,-190.40801,224.12256,40.22205,-237.883064,182.96753,32.02105,13.16377,209.85152,169.795044,-48.8847,66.62495,101.35712,-57.05497,204.57904,81.16496,-178.0465,215.53348,-25.95935,-193.07795,45.21065,152.61222,58.863932,156.12006,0.23718,-100.483864,145.34315,-8.88253,-49.98376,205.7004,-16.68368,-75.2826,212.4893,172.438286,33.06503,37.39424,67.82586,103.09478,162.5204,172.26468,49.3398843,131.82372,172.73422,-254.6978,221.48453,28.94636,-157.37876,88.8466,144.17168,-330.6793,196.45593,21.336845,-174.99246,135.87857,147.470345,-383.80972,213.91626,120.421104,87.142685,205.31448,117.487656,-334.5445,269.897,117.643074,-150.71104,145.7805,211.47514,-321.43,255.87877,294.34752,100.131004,242.39848,173.36688,-86.94813,216.64636,299.17633,170.65205,139.4359,200.34222,-145.65342,184.57191,302.5558,172.75333,228.00409,260.1978,-129.66684,236.78596,352.686,153.73126,-1.91011,370.045,-171.11977,284.43338,276.067,158.40558,264.43723,175.84207,-196.48763
i285.png,235.51485,105.17154,-168.40801,244.12256,70.22205,-258.883064,155.96753,24.02105,30.16377,233.85152,156.795044,-30.8847,59.62495,112.35712,-33.05497,222.57904,56.16496,-166.0465,217.53348,-10.95935,-211.07795,23.21065,146.61222,69.863932,186.12006,-4.76282,-101.483864,174.34315,-10.88253,-38.98376,189.7004,-10.68368,-70.2826,223.4893,165.438286,9.06503,30.39424,77.82586,97.09478,164.5204,155.26468,77.3398843,159.82372,148.73422,-229.6978,195.48453,23.94636,-168.37876,76.8466,134.17168,-346.6793,216.45593,22.336845,-203.99246,147.87857,177.470345,-373.80972,227.91626,103.421104,80.142685,232.31448,122.487656,-311.5445,284.897,100.643074,-162.71104,116.7805,207.47514,-314.43,285.87877,289.34752,115.131004,255.39848,144.36688,-72.94813,220.64636,305.17633,151.65205,166.4359,219.34222,-137.65342,203.57191,291.5558,167.75333,253.00409,278.1978,-108.66684,212.78596,367.686,147.73126,-28.91011,349.045,-141.11977,274.43338,277.067,172.40558,263.43723,189.84207,-216.48763
i286.png,256.51485,83.17154,-156.40801,265.12256,68.22205,-248.883064,155.96753,19.02105,32.16377,223.85152,161.795044,-5.8847,81.62495,142.35712,-34.05497,224.57904,58.16496,-147.0465,228.53348,-17.95935,-237.07795,19.21065,138.61222,58.863932,188.12006,-30.76282,-126.483864,185.34315,12.11747,-34.98376,204.7004,-0.68368,-85.2826,193.4893,149.438286,3.06503,15.39424,100.82586,86.09478,156.5204,166.26468,48.3398843,150.82372,171.73422,-233.6978,222.48453,32.94636,-182.37876,103.8466,155.17168,-323.6793,198.45593,48.336845,-176.99246,133.87857,188.470345,-379.80972,201.91626,90.421104,58.142685,260.31448,117.487656,-340.5445,284.897,82.643074,-135.71104,124.7805,181.47514,-299.43,297.87877,273.34752,95.131004,281.39848,142.36688,-98.94813,198.64636,294.17633,133.65205,151.4359,222.34222,-114.65342,209.57191,266.5558,165.75333,247.00409,286.1978,-98.66684,231.78596,372.686,152.73126,-29.91011,372.045,-155.11977,266.43338,252.067,178.40558,251.43723,198.84207,-203.48763
i287.png,238.51485,80.17154,-134.40801,246.12256,48.22205,-240.883064,134.96753,17.02105,50.16377,245.85152,149.795044,-34.8847,58.62495,152.35712,-57.05497,207.57904,41.16496,-145.0465,204.53348,-19.95935,-235.07795,18.21065,126.61222,34.863932,198.12006,-14.76282,-113.483864,198.34315,34.11747,-21.98376,211.7004,8.31632,-67.2826,215.4893,175.438286,23.06503,36.39424,113.82586,90.09478,162.5204,184.26468,70.3398843,122.82372,197.73422,-227.6978,252.48453,29.94636,-177.37876,85.8466,135.17168,-295.6793,212.45593,56.336845,-204.99246,108.87857,166.470345,-354.80972,203.91626,76.421104,58.142685,237.31448,115.487656,-324.5445,312.897,59.643074,-106.71104,115.7805,194.47514,-297.43,305.87877,262.34752,98.131004,256.39848,116.36688,-89.94813,215.64636,270.17633,133.65205,149.4359,196.34222,-119.65342,213.57191,260.5558,157.75333,270.00409,272.1978,-125.66684,208.78596,359.686,166.73126,-3.91011,358.045,-126.11977,288.43338,225.067,190.40558,227.43723,199.84207,-232.48763
i288.png,259.51485,95.17154,-115.40801,222.12256,77.22205,-232.883064,148.96753,24.02105,20.16377,230.85152,159.795044,-46.8847,59.62495,124.35712,-29.05497,236.57904,47.16496,-157.0465,215.53348,-49.95935,-244.07795,6.21065,132.61222,19.863932,187.12006,-19.76282,-123.483864,171.34315,32.11747,-41.98376,189.7004,1.31632,-89.2826,208.4893,160.438286,52.06503,58.39424,84.82586,115.09478,191.5204,166.26468,84.3398843,125.82372,225.73422,-214.6978,278.48453,9.94636,-173.37876,107.8466,135.17168,-286.6793,207.45593,33.336845,-234.99246,126.87857,160.470345,-364.80972,193.91626,80.421104,56.142685,239.31448,86.487656,-305.5445,330.897,35.643074,-125.71104,95.7805,164.47514,-321.43,290.87877,263.34752,81.131004,241.39848,116.36688,-115.94813,242.64636,282.17633,110.65205,156.4359,221.34222,-93.65342,215.57191,288.5558,156.75333,299.00409,247.1978,-118.66684,182.78596,369.686,155.73126,4.08989,331.045,-147.11977,316.43338,210.067,218.40558,246.43723,175.84207,-207.48763
i289.png,263.51485,102.17154,-114.40801,219.12256,102.22205,-209.883064,170.96753,21.02105,24.16377,223.85152,170.795044,-36.8847,80.62495,103.35712,-7.05497,249.57904,69.16496,-155.0465,219.53348,-56.95935,-227.07795,31.21065,146.61222,15.863932,200.12006,-35.76282,-99.483864,175.34315,5.11747,-57.98376,192.7004,17.31632,-118.2826,201.4893,187.438286,58.06503,74.39424,102.82586,137.09478,170.5204,150.26468,56.3398843,139.82372,253.73422,-221.6978,268.48453,9.94636,-165.37876,135.8466,146.17168,-268.6793,223.45593,57.336845,-215.99246,150.87857,131.470345,-334.80972,199.91626,104.421104,53.142685,221.31448,105.487656,-313.5445,355.897,15.643074,-152.71104,96.7805,177.47514,-324.43,295.87877,267.34752,105.131004,240.39848,103.36688,-141.94813,254.64636,286.17633,119.65205,129.4359,220.34222,-95.65342,229.57191,268.5558,148.75333,277.00409,226.1978,-107.66684,168.78596,370.686,177.73126,29.08989,301.045,-122.11977,343.43338,236.067,240.40558,269.43723,184.84207,-207.48763
i290.png,274.51485,110.17154,-137.40801,217.12256,111.22205,-219.883064,146.96753,-0.97895,10.16377,201.85152,158.795044,-7.8847,51.62495,91.35712,9.94503,278.57904,63.16496,-164.0465,214.53348,-85.95935,-216.07795,20.21065,170.61222,29.863932,194.12006,-18.76282,-73.483864,168.34315,13.11747,-54.98376,183.7004,14.31632,-145.2826,171.4893,158.438286,53.06503,80.39424,78.82586,147.09478,153.5204,176.26468,28.3398843,154.82372,261.73422,-217.6978,259.48453,-11.05364,-146.37876,111.8466,155.17168,-259.6793,199.45593,80.336845,-203.99246,132.87857,114.470345,-304.80972,207.91626,85.421104,66.142685,229.31448,92.487656,-331.5445,356.897,13.643074,-175.71104,69.7805,170.47514,-315.43,289.87877,296.34752,85.131004,239.39848,126.36688,-150.94813,241.64636,284.17633,130.65205,155.4359,226.34222,-81.65342,256.57191,238.5558,168.75333,280.00409,220.1978,-107.66684,183.78596,352.686,207.73126,43.08989,303.045,-129.11977,325.43338,245.067,252.40558,266.43723,212.84207,-219.48763
i291.png,281.51485,139.17154,-123.40801,195.12256,94.22205,-229.883064,159.96753,13.02105,23.16377,193.85152,154.795044,-5.8847,33.62495,98.35712,13.94503,249.57904,79.16496,-180.0465,224.53348,-97.95935,-231.07795,28.21065,165.61222,24.863932,209.12006,-8.76282,-54.483864,163.34315,11.11747,-41.98376,196.7004,17.31632,-137.2826,147.4893,155.438286,53.06503,104.39424,52.82586,153.09478,179.5204,152.26468,37.3398843,130.82372,249.73422,-227.6978,251.48453,-40.05364,-116.37876,106.8466,182.17168,-274.6793,171.45593,93.336845,-229.99246,152.87857,124.470345,-293.80972,180.91626,77.421104,80.142685,207.31448,116.487656,-301.5445,379.897,43.643074,-192.71104,79.7805,189.47514,-313.43,265.87877,292.34752,79.131004,213.39848,132.36688,-147.94813,245.64636,296.17633,115.65205,157.4359,253.34222,-94.65342,264.57191,220.5558,195.75333,255.00409,213.1978,-79.66684,191.78596,372.686,208.73126,18.08989,295.045,-111.11977,322.43338,247.067,241.40558,274.43723,234.84207,-244.48763
i292.png,277.51485,116.17154,-105.40801,186.12256,75.22205,-203.883064,176.96753,-9.97895,-0.83623,222.85152,154.795044,-14.8847,63.62495,117.35712,-11.05497,222.57904,78.16496,-183.0465,221.53348,-82.95935,-242.07795,34.21065,143.61222,50.863932,190.12006,-30.76282,-50.483864,140.34315,6.11747,-39.98376,201.7004,41.31632,-116.2826,123.4893,163.438286,55.06503,117.39424,71.82586,173.09478,193.5204,143.26468,31.3398843,130.82372,219.73422,-247.6978,269.48453,-32.05364,-102.37876,119.8466,212.17168,-297.6793,193.45593,79.336845,-209.99246,141.87857,143.470345,-289.80972,190.91626,70.421104,92.142685,205.31448,116.487656,-308.5445,398.897,33.643074,-179.71104,82.7805,194.47514,-332.43,250.87877,293.34752,100.131004,241.39848,135.36688,-132.94813,247.64636,270.17633,93.65205,143.4359,240.34222,-116.65342,281.57191,212.5558,203.75333,281.00409,197.1978,-97.66684,173.78596,395.686,232.73126,-5.91011,288.045,-124.11977,327.43338,217.067,223.40558,249.43723,207.84207,-272.48763
i293.png,250.51485,102.17154,-113.40801,209.12256,104.22205,-200.883064,196.96753,-2.97895,12.16377,246.85152,164.795044,15.1153,88.62495,145.35712,-5.05497,208.57904,83.16496,-169.0465,194.53348,-93.95935,-268.07795,51.21065,166.61222,59.863932,198.12006,-36.76282,-60.483864,157.34315,-0.88253,-52.98376,179.7004,39.31632,-90.2826,140.4893,138.438286,25.06503,146.39424,64.82586,177.09478,204.5204,144.26468,9.3398843,112.82372,247.73422,-276.6978,243.48453,-17.05364,-105.37876,116.8466,217.17168,-291.6793,173.45593,49.336845,-215.99246,111.87857,133.470345,-269.80972,193.91626,74.421104,95.142685,212.31448,105.487656,-311.5445,420.897,58.643074,-176.71104,65.7805,169.47514,-339.43,238.87877,322.34752,95.131004,271.39848,162.36688,-124.94813,260.64636,242.17633,122.65205,162.4359,233.34222,-133.65342,257.57191,200.5558,221.75333,256.00409,168.1978,-75.66684,188.78596,391.686,229.73126,-9.91011,291.045,-113.11977,351.43338,213.067,227.40558,254.43723,184.84207,-262.48763
i294.png,266.51485,111.17154,-136.40801,195.12256,96.22205,-174.883064,216.96753,-28.97895,35.16377,245.85152,175.795044,11.1153,64.62495,136.35712,17.94503,180.57904,79.16496,-156.0465,169.53348,-99.95935,-247.07795,35.21065,191.61222,37.863932,186.12006,-37.76282,-50.483864,135.34315,2.11747,-32.98376,171.7004,37.31632,-83.2826,158.4893,161.438286,14.06503,160.39424,94.82586,193.09478,231.5204,157.26468,14.3398843,103.82372,238.73422,-290.6978,232.48453,8.94636,-82.37876,92.8466,231.17168,-263.6793,176.45593,68.336845,-201.99246,141.87857,139.470345,-294.80972,202.91626,50.421104,69.142685,206.31448,123.487656,-307.5445,443.897,41.643074,-166.71104,58.7805,196.47514,-367.43,253.87877,340.34752,88.131004,257.39848,165.36688,-124.94813,247.64636,232.17633,123.65205,147.4359,251.34222,-141.65342,276.57191,190.5558,214.75333,253.00409,164.1978,-47.66684,199.78596,415.686,249.73126,16.08989,311.045,-101.11977,328.43338,222.067,254.40558,251.43723,178.84207,-249.48763
i295.png,253.51485,121.17154,-117.40801,220.12256,121.22205,-193.883064,207.96753,-38.97895,13.16377,246.85152,160.795044,3.1153,71.62495,123.35712,43.94503,184.57904,70.16496,-151.0465,190.53348,-96.95935,-251.07795,51.21065,207.61222,20.863932,172.12006,-31.76282,-63.483864,157.34315,11.11747,-27.98376,141.7004,65.31632,-100.2826,139.4893,154.438286,11.06503,158.39424,92.82586,168.09478,239.5204,132.26468,-11.6601157,73.82372,231.73422,-317.6978,221.48453,21.94636,-58.37876,70.8466,238.17168,-293.6793,194.45593,43.336845,-226.99246,120.87857,140.470345,-270.80972,184.91626,46.421104,42.142685,226.31448,93.487656,-332.5445,463.897,62.643074,-162.71104,41.7805,198.47514,-393.43,253.87877,346.34752,104.131004,234.39848,170.36688,-99.94813,239.64636,247.17633,135.65205,171.4359,246.34222,-144.65342,276.57191,181.5558,194.75333,261.00409,144.1978,-31.66684,175.78596,428.686,250.73126,11.08989,283.045,-100.11977,321.43338,233.067,266.40558,235.43723,165.84207,-272.48763
i296.png,257.51485,120.17154,-129.40801,208.12256,115.22205,-178.883064,189.96753,-50.97895,38.16377,267.85152,158.795044,33.1153,95.62495,143.35712,27.94503,209.57904,72.16496,-124.0465,185.53348,-97.95935,-274.07795,43.21065,215.61222,29.863932,170.12006,-45.76282,-42.483864,157.34315,35.11747,-52.98376,166.7004,83.31632,-121.2826,125.4893,176.438286,-11.93497,138.39424,82.82586,158.09478,212.5204,112.26468,-30.6601157,64.82372,204.73422,-300.6978,199.48453,19.94636,-72.37876,51.8466,220.17168,-276.6793,216.45593,20.336845,-245.99246,142.87857,139.470345,-247.80972,166.91626,54.421104,60.142685,249.31448,90.487656,-320.5445,458.897,80.643074,-139.71104,63.7805,224.47514,-396.43,249.87877,359.34752,129.131004,261.39848,162.36688,-76.94813,214.64636,243.17633,126.65205,195.4359,254.34222,-122.65342,305.57191,200.5558,191.75333,233.00409,129.1978,-60.66684,160.78596,449.686,244.73126,16.08989,300.045,-127.11977,331.43338,224.067,270.40558,255.43723,152.84207,-274.48763
i297.png,285.51485,145.17154,-156.40801,191.12256,133.22205,-182.883064,218.96753,-35.97895,66.16377,255.85152,171.795044,8.1153,80.62495,169.35712,55.94503,221.57904,53.16496,-111.0465,159.53348,-105.95935,-302.07795,23.21065,197.61222,44.863932,175.12006,-48.76282,-30.483864,157.34315,37.11747,-79.98376,142.7004,57.31632,-134.2826,139.4893,158.438286,-32.93497,140.39424,53.82586,147.09478,189.5204,134.26468,-45.6601157,56.82372,200.73422,-293.6978,215.48453,49.94636,-100.37876,72.8466,219.17168,-291.6793,187.45593,50.336845,-232.99246,159.87857,132.470345,-268.80972,159.91626,39.421104,64.142685,268.31448,101.487656,-326.5445,459.897,87.643074,-138.71104,76.7805,208.47514,-372.43,222.87877,356.34752,138.131004,268.39848,156.36688,-59.94813,214.64636,228.17633,96.65205,225.4359,271.34222,-142.65342,305.57191,181.5558,184.75333,204.00409,101.1978,-42.66684,164.78596,433.686,259.73126,37.08989,329.045,-137.11977,318.43338,222.067,282.40558,246.43723,126.84207,-246.48763
i298.png,273.51485,129.17154,-152.40801,199.12256,113.22205,-196.883064,235.96753,-12.97895,47.16377,246.85152,196.795044,28.1153,61.62495,168.35712,49.94503,247.57904,65.16496,-114.0465,180.53348,-81.95935,-304.07795,7.21065,184.61222,21.863932,159.12006,-22.76282,-15.483864,150.34315,67.11747,-75.98376,118.7004,53.31632,-149.2826,133.4893,154.438286,-18.93497,119.39424,38.82586,166.09478,179.5204,114.26468,-58.6601157,56.82372,173.73422,-293.6978,233.48453,42.94636,-122.37876,84.8466,234.17168,-264.6793,191.45593,66.336845,-207.99246,152.87857,105.470345,-268.80972,163.91626,53.421104,74.142685,255.31448,78.487656,-303.5445,467.897,63.643074,-133.71104,85.7805,207.47514,-401.43,251.87877,344.34752,138.131004,284.39848,182.36688,-84.94813,210.64636,242.17633,108.65205,255.4359,279.34222,-169.65342,275.57191,196.5558,171.75333,199.00409,108.1978,-12.66684,180.78596,407.686,254.73126,59.08989,300.045,-148.11977,292.43338,237.067,270.40558,265.43723,117.84207,-226.48763
i299.png,244.51485,119.17154,-168.40801,211.12256,87.22205,-215.883064,237.96753,-1.97895,28.16377,271.85152,220.795044,38.1153,38.62495,188.35712,21.94503,226.57904,69.16496,-112.0465,201.53348,-109.95935,-307.07795,31.21065,159.61222,18.863932,179.12006,-21.76282,-20.483864,142.34315,68.11747,-104.98376,121.7004,40.31632,-132.2826,107.4893,148.438286,-39.93497,92.39424,52.82586,145.09478,161.5204,121.26468,-59.6601157,74.82372,148.73422,-285.6978,257.48453,58.94636,-110.37876,112.8466,252.17168,-237.6793,179.45593,89.336845,-189.99246,172.87857,110.470345,-260.80972,174.91626,41.421104,56.142685,233.31448,53.487656,-277.5445,450.897,87.643074,-161.71104,100.7805,192.47514,-378.43,250.87877,318.34752,167.131004,266.39848,164.36688,-113.94813,236.64636,221.17633,109.65205,246.4359,298.34222,-151.65342,287.57191,167.5558,194.75333,178.00409,102.1978,-30.66684,157.78596,379.686,228.73126,89.08989,329.045,-142.11977,286.43338,216.067,248.40558,283.43723,119.84207,-254.48763
i300.png,256.51485,124.17154,-196.40801,184.12256,101.22205,-205.883064,221.96753,9.02105,51.16377,266.85152,233.795044,23.1153,44.62495,184.35712,40.94503,229.57904,48.16496,-95.0465,192.53348,-84.95935,-327.07795,32.21065,171.61222,28.863932,194.12006,-38.76282,5.516136,134.34315,98.11747,-125.98376,107.7004,32.31632,-117.2826,94.4893,144.438286,-12.93497,108.39424,28.82586,127.09478,186.5204,101.26468,-35.6601157,94.82372,142.73422,-304.6978,235.48453,59.94636,-98.37876,101.8466,233.17168,-239.6793,187.45593,104.336845,-169.99246,172.87857,137.470345,-285.80972,154.91626,19.421104,26.142685,221.31448,51.487656,-299.5445,429.897,83.643074,-187.71104,81.7805,205.47514,-408.43,267.87877,327.34752,162.131004,260.39848,151.36688,-110.94813,253.64636,236.17633,113.65205,221.4359,323.34222,-174.65342,266.57191,138.5558,186.75333,183.00409,99.1978,-22.66684,143.78596,364.686,246.73126,106.08989,358.045,-157.11977,316.43338,230.067,224.40558,282.43723,111.84207,-280.48763
i301.png,254.51485,114.17154,-189.40801,164.12256,115.22205,-192.883064,232.96753,28.02105,37.16377,246.85152,252.795044,38.1153,63.62495,186.35712,55.94503,243.57904,42.16496,-92.0465,179.53348,-102.95935,-355.07795,2.21065,197.61222,9.863932,219.12006,-55.76282,10.516136,110.34315,127.11747,-102.98376,125.7004,45.31632,-108.2826,99.4893,167.438286,-37.93497,133.39424,1.82586,125.09478,172.5204,81.26468,-65.6601157,73.82372,171.73422,-325.6978,246.48453,67.94636,-120.37876,111.8466,241.17168,-223.6793,205.45593,129.336845,-152.99246,159.87857,110.470345,-273.80972,165.91626,16.421104,14.142685,251.31448,56.487656,-292.5445,417.897,104.643074,-186.71104,88.7805,234.47514,-431.43,261.87877,298.34752,183.131004,275.39848,143.36688,-94.94813,241.64636,228.17633,134.65205,242.4359,343.34222,-185.65342,272.57191,128.5558,158.75333,189.00409,77.1978,4.33316,163.78596,344.686,231.73126,92.08989,381.045,-131.11977,294.43338,257.067,236.40558,268.43723,113.84207,-310.48763
i302.png,283.51485,111.17154,-193.40801,154.12256,95.22205,-189.883064,241.96753,0.02105,59.16377,272.85152,236.795044,9.1153,82.62495,212.35712,72.94503,216.57904,65.16496,-67.0465,164.53348,-118.95935,-371.07795,10.21065,185.61222,18.863932,208.12006,-75.76282,-1.483864,139.34315,148.11747,-104.98376,119.7004,43.31632,-99.2826,69.4893,163.438286,-15.93497,149.39424,-14.17414,123.09478,168.5204,56.26468,-56.6601157,91.82372,195.73422,-336.6978,261.48453,63.94636,-135.37876,88.8466,217.17168,-246.6793,196.45593,99.336845,-168.99246,176.87857,112.470345,-264.80972,180.91626,12.421104,2.142685,275.31448,70.487656,-308.5445,440.897,106.643074,-170.71104,64.7805,239.47514,-444.43,237.87877,325.34752,205.131004,304.39848,167.36688,-69.94813,270.64636,232.17633,147.65205,219.4359,328.34222,-190.65342,301.57191,104.5558,187.75333,162.00409,77.1978,15.33316,193.78596,325.686,243.73126,102.08989,365.045,-129.11977,274.43338,254.067,224.40558,238.43723,114.84207,-324.48763
i303.png,284.51485,126.17154,-166.40801,152.12256,74.22205,-215.883064,237.96753,24.02105,40.16377,249.85152,264.795044,27.1153,110.62495,216.35712,80.94503,242.57904,87.16496,-79.0465,144.53348,-92.95935,-383.07795,-7.78935,183.61222,48.863932,195.12006,-46.76282,6.516136,167.34315,124.11747,-115.98376,145.7004,29.31632,-106.2826,72.4893,168.438286,-20.93497,156.39424,-6.17414,120.09478,192.5204,29.26468,-34.6601157,103.82372,168.73422,-320.6978,268.48453,77.94636,-113.37876,65.8466,245.17168,-270.6793,187.45593,122.336845,-173.99246,198.87857,142.470345,-258.80972,192.91626,31.421104,4.142685,289.31448,59.487656,-318.5445,454.897,131.643074,-168.71104,40.7805,238.47514,-453.43,260.87877,327.34752,201.131004,312.39848,145.36688,-50.94813,262.64636,255.17633,161.65205,208.4359,350.34222,-181.65342,296.57191,117.5558,161.75333,156.00409,57.1978,28.33316,196.78596,309.686,222.73126,81.08989,347.045,-136.11977,258.43338,261.067,212.40558,255.43723,135.84207,-303.48763
i304.png,279.51485,132.17154,-178.40801,158.12256,104.22205,-223.883064,223.96753,23.02105,13.16377,255.85152,291.795044,8.1153,117.62495,190.35712,78.94503,215.57904,61.16496,-78.0465,127.53348,-68.95935,-394.07795,-0.78935,153.61222,67.863932,173.12006,-74.76282,16.516136,149.34315,130.11747,-112.98376,139.7004,11.31632,-125.2826,77.4893,162.438286,-21.93497,160.39424,16.82586,141.09478,198.5204,8.26468,-54.6601157,116.82372,194.73422,-318.6978,239.48453,73.94636,-137.37876,43.8466,232.17168,-266.6793,206.45593,103.336845,-179.99246,199.87857,164.470345,-235.80972,215.91626,10.421104,2.142685,297.31448,52.487656,-316.5445,455.897,103.643074,-169.71104,18.7805,256.47514,-474.43,239.87877,301.34752,221.131004,321.39848,160.36688,-78.94813,238.64636,242.17633,181.65205,194.4359,342.34222,-190.65342,272.57191,120.5558,176.75333,150.00409,40.1978,2.33316,167.78596,305.686,210.73126,62.08989,369.045,-140.11977,240.43338,290.067,186.40558,233.43723,136.84207,-311.48763
i305.png,305.51485,138.17154,-171.40801,157.12256,119.22205,-243.883064,213.96753,3.02105,38.16377,225.85152,320.795044,23.1153,96.62495,214.35712,53.94503,245.57904,50.16496,-86.0465,128.53348,-69.95935,-381.07795,22.21065,158.61222,75.863932,160.12006,-55.76282,24.516136,147.34315,135.11747,-114.98376,167.7004,26.31632,-108.2826,77.4893,188.438286,-20.93497,181.39424,-9.17414,111.09478,217.5204,0.26468,-42.6601157,93.82372,203.73422,-344.6978,229.48453,59.94636,-112.37876,25.8466,216.17168,-293.6793,222.45593,128.336845,-201.99246,215.87857,147.470345,-251.80972,197.91626,30.421104,-18.857315,274.31448,53.487656,-315.5445,456.897,99.643074,-199.71104,31.7805,249.47514,-465.43,267.87877,316.34752,242.131004,344.39848,169.36688,-96.94813,243.64636,262.17633,201.65205,216.4359,370.34222,-163.65342,243.57191,119.5558,176.75333,155.00409,61.1978,5.33316,168.78596,332.686,197.73126,35.08989,371.045,-119.11977,266.43338,299.067,170.40558,226.43723,144.84207,-290.48763
i306.png,295.51485,159.17154,-187.40801,167.12256,147.22205,-267.883064,205.96753,-14.97895,21.16377,201.85152,303.795044,14.1153,118.62495,215.35712,47.94503,275.57904,32.16496,-74.0465,124.53348,-65.95935,-370.07795,7.21065,129.61222,50.863932,143.12006,-62.76282,19.516136,121.34315,130.11747,-98.98376,156.7004,13.31632,-107.2826,87.4893,211.438286,-13.93497,195.39424,13.82586,91.09478,192.5204,24.26468,-67.6601157,118.82372,214.73422,-316.6978,255.48453,30.94636,-131.37876,14.8466,189.17168,-320.6793,199.45593,136.336845,-184.99246,223.87857,168.470345,-263.80972,167.91626,49.421104,4.142685,302.31448,63.487656,-296.5445,481.897,72.643074,-229.71104,61.7805,243.47514,-440.43,254.87877,322.34752,272.131004,363.39848,196.36688,-90.94813,234.64636,284.17633,197.65205,194.4359,353.34222,-176.65342,230.57191,138.5558,153.75333,171.00409,48.1978,7.33316,160.78596,331.686,167.73126,48.08989,383.045,-117.11977,247.43338,292.067,199.40558,250.43723,120.84207,-301.48763
i307.png,300.51485,129.17154,-180.40801,187.12256,173.22205,-295.883064,196.96753,2.02105,36.16377,220.85152,306.795044,29.1153,120.62495,186.35712,74.94503,297.57904,43.16496,-73.0465,142.53348,-43.95935,-353.07795,22.21065,111.61222,41.863932,156.12006,-63.76282,1.516136,143.34315,126.11747,-69.98376,136.7004,8.31632,-119.2826,107.4893,200.438286,-6.93497,188.39424,-3.17414,103.09478,172.5204,39.26468,-97.6601157,91.82372,199.73422,-312.6978,227.48453,13.94636,-152.37876,42.8466,184.17168,-349.6793,177.45593,127.336845,-196.99246,219.87857,177.470345,-262.80972,176.91626,41.421104,26.142685,276.31448,69.487656,-272.5445,455.897,94.643074,-213.71104,70.7805,264.47514,-424.43,280.87877,351.34752,254.131004,366.39848,175.36688,-68.94813,209.64636,272.17633,225.65205,171.4359,342.34222,-146.65342,245.57191,130.5558,150.75333,186.00409,40.1978,9.33316,141.78596,328.686,144.73126,61.08989,369.045,-129.11977,242.43338,319.067,190.40558,224.43723,148.84207,-283.48763
i308.png,292.51485,134.17154,-162.40801,197.12256,162.22205,-286.883064,222.96753,-7.97895,63.16377,247.85152,306.795044,32.1153,144.62495,169.35712,75.94503,275.57904,48.16496,-57.0465,131.53348,-38.95935,-364.07795,15.21065,124.61222,42.863932,133.12006,-49.76282,-16.483864,150.34315,96.11747,-98.98376,125.7004,2.31632,-107.2826,131.4893,192.438286,6.06503,198.39424,11.82586,125.09478,199.5204,54.26468,-68.6601157,96.82372,217.73422,-305.6978,229.48453,-15.05364,-127.37876,12.8466,206.17168,-335.6793,148.45593,151.336845,-175.99246,195.87857,179.470345,-286.80972,183.91626,17.421104,32.142685,271.31448,57.487656,-301.5445,425.897,104.643074,-239.71104,55.7805,291.47514,-447.43,305.87877,322.34752,262.131004,394.39848,176.36688,-51.94813,191.64636,264.17633,199.65205,195.4359,326.34222,-161.65342,270.57191,104.5558,160.75333,183.00409,10.1978,-2.66684,153.78596,298.686,114.73126,42.08989,387.045,-104.11977,222.43338,313.067,203.40558,240.43723,141.84207,-283.48763
i309.png,271.51485,131.17154,-148.40801,215.12256,149.22205,-294.883064,213.96753,-14.97895,48.16377,255.85152,279.795044,52.1153,116.62495,190.35712,64.94503,269.57904,23.16496,-69.0465,115.53348,-34.95935,-367.07795,20.21065,150.61222,31.863932,110.12006,-79.76282,-18.483864,132.34315,75.11747,-117.98376,122.7004,12.31632,-126.2826,147.4893,170.438286,-23.93497,200.39424,32.82586,121.09478,175.5204,31.26468,-49.6601157,81.82372,234.73422,-329.6978,238.48453,3.94636,-114.37876,41.8466,225.17168,-306.6793,171.45593,155.336845,-165.99246,204.87857,149.470345,-256.80972,188.91626,-2.578896,12.142685,289.31448,77.487656,-299.5445,429.897,131.643074,-240.71104,26.7805,271.47514,-464.43,335.87877,328.34752,247.131004,370.39848,205.36688,-66.94813,219.64636,235.17633,188.65205,207.4359,342.34222,-144.65342,288.57191,87.5558,179.75333,154.00409,31.1978,-17.66684,172.78596,299.686,113.73126,17.08989,370.045,-85.11977,193.43338,292.067,215.40558,254.43723,150.84207,-304.48763
i310.png,280.51485,142.17154,-144.40801,203.12256,177.22205,-273.883064,241.96753,-40.97895,35.16377,249.85152,271.795044,75.1153,121.62495,161.35712,87.94503,250.57904,27.16496,-44.0465,131.53348,-54.95935,-379.07795,33.21065,140.61222,29.863932,113.12006,-107.76282,-0.483864,109.34315,91.11747,-140.98376,141.7004,14.31632,-96.2826,159.4893,143.438286,-53.93497,187.39424,55.82586,99.09478,152.5204,45.26468,-22.6601157,98.82372,226.73422,-345.6978,248.48453,15.94636,-107.37876,39.8466,244.17168,-315.6793,141.45593,160.336845,-163.99246,200.87857,143.470345,-283.80972,192.91626,27.421104,37.142685,278.31448,48.487656,-320.5445,400.897,127.643074,-239.71104,32.7805,258.47514,-441.43,350.87877,354.34752,261.131004,356.39848,235.36688,-82.94813,232.64636,206.17633,179.65205,180.4359,333.34222,-174.65342,286.57191,70.5558,183.75333,169.00409,60.1978,-41.66684,187.78596,276.686,84.73126,-5.91011,350.045,-96.11977,166.43338,283.067,198.40558,276.43723,179.84207,-308.48763
i311.png,310.51485,167.17154,-138.40801,196.12256,166.22205,-244.883064,215.96753,-16.97895,38.16377,254.85152,244.795044,100.1153,125.62495,167.35712,87.94503,265.57904,37.16496,-51.0465,138.53348,-71.95935,-370.07795,19.21065,131.61222,25.863932,97.12006,-129.76282,-27.483864,107.34315,68.11747,-130.98376,122.7004,26.31632,-117.2826,176.4893,114.438286,-32.93497,185.39424,84.82586,124.09478,147.5204,26.26468,-48.6601157,126.82372,222.73422,-341.6978,259.48453,10.94636,-110.37876,64.8466,259.17168,-335.6793,117.45593,172.336845,-180.99246,178.87857,116.470345,-304.80972,190.91626,45.421104,47.142685,261.31448,27.487656,-339.5445,377.897,152.643074,-254.71104,53.7805,258.47514,-431.43,327.87877,330.34752,251.131004,340.39848,256.36688,-60.94813,207.64636,210.17633,161.65205,193.4359,340.34222,-170.65342,284.57191,78.5558,188.75333,147.00409,36.1978,-12.66684,193.78596,266.686,64.73126,14.08989,371.045,-69.11977,179.43338,288.067,172.40558,246.43723,174.84207,-328.48763
i312.png,295.51485,170.17154,-123.40801,225.12256,175.22205,-253.883064,197.96753,-16.97895,15.16377,260.85152,242.795044,95.1153,149.62495,159.35712,78.94503,271.57904,21.16496,-77.0465,137.53348,-46.95935,-369.07795,48.21065,120.61222,1.863932,95.12006,-107.76282,-14.483864,116.34315,70.11747,-144.98376,93.7004,38.31632,-139.2826,204.4893,136.438286,-30.93497,177.39424,82.82586,104.09478,143.5204,55.26468,-28.6601157,116.82372,228.73422,-370.6978,286.48453,8.94636,-96.37876,43.8466,262.17168,-342.6793,136.45593,152.336845,-167.99246,160.87857,131.470345,-328.80972,162.91626,37.421104,60.142685,277.31448,34.487656,-361.5445,355.897,178.643074,-269.71104,37.7805,251.47514,-406.43,340.87877,313.34752,238.131004,360.39848,226.36688,-70.94813,183.64636,209.17633,152.65205,172.4359,310.34222,-145.65342,270.57191,86.5558,188.75333,141.00409,49.1978,1.33316,201.78596,271.686,41.73126,1.08989,346.045,-80.11977,178.43338,284.067,174.40558,242.43723,146.84207,-343.48763
i313.png,320.51485,193.17154,-111.40801,205.12256,204.22205,-271.883064,226.96753,-42.97895,30.16377,280.85152,260.795044,77.1153,173.62495,152.35712,74.94503,254.57904,3.16496,-95.0465,127.53348,-75.95935,-364.07795,46.21065,125.61222,27.863932,107.12006,-125.76282,-26.483864,138.34315,93.11747,-117.98376,85.7004,57.31632,-156.2826,192.4893,153.438286,-10.93497,196.39424,91.82586,82.09478,137.5204,57.26468,-29.6601157,88.82372,248.73422,-350.6978,312.48453,21.94636,-80.37876,21.8466,280.17168,-347.6793,157.45593,156.336845,-171.99246,169.87857,161.470345,-319.80972,182.91626,30.421104,69.142685,277.31448,48.487656,-348.5445,363.897,159.643074,-240.71104,36.7805,251.47514,-376.43,324.87877,288.34752,217.131004,381.39848,250.36688,-52.94813,186.64636,200.17633,149.65205,153.4359,325.34222,-167.65342,287.57191,78.5558,181.75333,116.00409,50.1978,10.33316,208.78596,292.686,66.73126,-26.91011,367.045,-65.11977,196.43338,260.067,164.40558,268.43723,154.84207,-344.48763
i314.png,295.51485,208.17154,-86.40801,217.12256,181.22205,-258.883064,252.96753,-29.97895,58.16377,310.85152,272.795044,52.1153,195.62495,175.35712,56.94503,245.57904,28.16496,-122.0465,109.53348,-105.95935,-334.07795,16.21065,116.61222,41.863932,137.12006,-102.76282,-34.483864,108.34315,86.11747,-129.98376,115.7004,41.31632,-139.2826,172.4893,160.438286,11.06503,168.39424,116.82586,66.09478,134.5204,47.26468,-33.6601157,111.82372,238.73422,-345.6978,313.48453,47.94636,-58.37876,6.8466,286.17168,-368.6793,181.45593,176.336845,-195.99246,167.87857,163.470345,-311.80972,174.91626,60.421104,40.142685,286.31448,51.487656,-371.5445,339.897,149.643074,-234.71104,61.7805,236.47514,-378.43,320.87877,276.34752,217.131004,373.39848,252.36688,-39.94813,189.64636,190.17633,143.65205,149.4359,302.34222,-192.65342,316.57191,74.5558,170.75333,134.00409,58.1978,-7.66684,210.78596,268.686,94.73126,-12.91011,337.045,-72.11977,213.43338,278.067,158.40558,296.43723,179.84207,-350.48763
i315.png,314.51485,179.17154,-92.40801,204.12256,202.22205,-284.883064,236.96753,-8.97895,38.16377,329.85152,274.795044,34.1153,218.62495,148.35712,86.94503,246.57904,24.16496,-142.0465,85.53348,-117.95935,-364.07795,44.21065,101.61222,18.863932,153.12006,-105.76282,-30.483864,124.34315,89.11747,-156.98376,125.7004,59.31632,-145.2826,195.4893,134.438286,40.06503,190.39424,89.82586,40.09478,147.5204,77.26468,-13.6601157,94.82372,236.73422,-353.6978,333.48453,67.94636,-62.37876,7.8466,308.17168,-371.6793,188.45593,161.336845,-172.99246,182.87857,165.470345,-288.80972,190.91626,77.421104,36.142685,305.31448,23.487656,-387.5445,359.897,156.643074,-256.71104,89.7805,234.47514,-395.43,318.87877,305.34752,207.131004,343.39848,270.36688,-45.94813,163.64636,187.17633,148.65205,152.4359,291.34222,-219.65342,345.57191,84.5558,143.75333,119.00409,31.1978,5.33316,222.78596,247.686,116.73126,-25.91011,366.045,-79.11977,186.43338,289.067,128.40558,292.43723,152.84207,-375.48763
i316.png,341.51485,151.17154,-112.40801,184.12256,178.22205,-274.883064,225.96753,11.02105,35.16377,302.85152,254.795044,31.1153,239.62495,143.35712,87.94503,260.57904,17.16496,-158.0465,101.53348,-94.95935,-384.07795,73.21065,114.61222,-4.136068,164.12006,-76.76282,-9.483864,107.34315,92.11747,-166.98376,124.7004,60.31632,-122.2826,203.4893,105.438286,34.06503,192.39424,61.82586,11.09478,119.5204,96.26468,9.3398843,124.82372,260.73422,-341.6978,356.48453,64.94636,-78.37876,10.8466,294.17168,-392.6793,176.45593,175.336845,-196.99246,161.87857,174.470345,-287.80972,193.91626,59.421104,65.142685,323.31448,36.487656,-400.5445,345.897,127.643074,-284.71104,60.7805,252.47514,-382.43,293.87877,314.34752,225.131004,314.39848,264.36688,-16.94813,178.64636,201.17633,133.65205,177.4359,273.34222,-228.65342,367.57191,70.5558,135.75333,140.00409,20.1978,-3.66684,249.78596,238.686,141.73126,4.08989,350.045,-105.11977,188.43338,302.067,155.40558,314.43723,177.84207,-384.48763
i317.png,320.51485,181.17154,-115.40801,186.12256,199.22205,-264.883064,247.96753,30.02105,17.16377,309.85152,243.795044,38.1153,247.62495,161.35712,89.94503,272.57904,-4.83504,-188.0465,107.53348,-83.95935,-374.07795,67.21065,93.61222,20.863932,188.12006,-53.76282,19.516136,110.34315,122.11747,-153.98376,133.7004,40.31632,-122.2826,185.4893,78.438286,4.06503,163.39424,64.82586,3.09478,114.5204,91.26468,34.3398843,149.82372,270.73422,-329.6978,356.48453,47.94636,-78.37876,1.8466,288.17168,-380.6793,156.45593,194.336845,-205.99246,142.87857,176.470345,-272.80972,184.91626,82.421104,90.142685,322.31448,53.487656,-389.5445,336.897,156.643074,-287.71104,55.7805,270.47514,-391.43,294.87877,329.34752,222.131004,331.39848,267.36688,-17.94813,182.64636,172.17633,134.65205,152.4359,266.34222,-216.65342,386.57191,69.5558,109.75333,138.00409,25.1978,-22.66684,262.78596,251.686,171.73126,-6.91011,340.045,-111.11977,187.43338,293.067,178.40558,305.43723,206.84207,-395.48763
i318.png,321.51485,157.17154,-134.40801,216.12256,215.22205,-293.883064,263.96753,42.02105,10.16377,333.85152,260.795044,53.1153,275.62495,190.35712,115.94503,300.57904,25.16496,-182.0465,86.53348,-107.95935,-398.07795,85.21065,88.61222,25.863932,186.12006,-40.76282,44.516136,98.34315,130.11747,-176.98376,127.7004,49.31632,-106.2826,180.4893,100.438286,31.06503,168.39424,41.82586,26.09478,85.5204,88.26468,4.3398843,121.82372,273.73422,-338.6978,335.48453,71.94636,-99.37876,-1.1534,284.17168,-387.6793,172.45593,217.336845,-193.99246,161.87857,148.470345,-267.80972,165.91626,74.421104,103.142685,349.31448,67.487656,-410.5445,329.897,161.643074,-292.71104,69.7805,252.47514,-413.43,268.87877,339.34752,219.131004,313.39848,263.36688,-47.94813,155.64636,179.17633,122.65205,173.4359,285.34222,-231.65342,408.57191,85.5558,126.75333,130.00409,31.1978,-0.66684,271.78596,232.686,156.73126,9.08989,330.045,-119.11977,204.43338,270.067,188.40558,292.43723,223.84207,-407.48763
i319.png,338.51485,149.17154,-154.40801,196.12256,243.22205,-313.883064,269.96753,53.02105,27.16377,326.85152,248.795044,67.1153,274.62495,208.35712,107.94503,284.57904,19.16496,-195.0465,69.53348,-91.95935,-419.07795,60.21065,111.61222,12.863932,213.12006,-38.76282,29.516136,124.34315,159.11747,-191.98376,144.7004,74.31632,-88.2826,179.4893,127.438286,45.06503,196.39424,50.82586,25.09478,107.5204,72.26468,16.3398843,150.82372,255.73422,-325.6978,316.48453,73.94636,-126.37876,-3.1534,279.17168,-359.6793,171.45593,230.336845,-180.99246,167.87857,146.470345,-281.80972,177.91626,103.421104,98.142685,355.31448,57.487656,-392.5445,309.897,147.643074,-296.71104,65.7805,282.47514,-399.43,263.87877,320.34752,230.131004,341.39848,233.36688,-51.94813,184.64636,187.17633,116.65205,173.4359,262.34222,-227.65342,423.57191,101.5558,147.75333,155.00409,7.1978,-10.66684,289.78596,248.686,127.73126,39.08989,348.045,-142.11977,192.43338,284.067,177.40558,291.43723,214.84207,-430.48763
i320.png,360.51485,167.17154,-127.40801,176.12256,271.22205,-308.883064,247.96753,77.02105,26.16377,317.85152,277.795044,80.1153,293.62495,226.35712,136.94503,301.57904,10.16496,-185.0465,42.53348,-74.95935,-441.07795,73.21065,126.61222,18.863932,211.12006,-63.76282,34.516136,142.34315,129.11747,-172.98376,119.7004,91.31632,-83.2826,168.4893,112.438286,59.06503,210.39424,43.82586,19.09478,124.5204,53.26468,-7.6601157,124.82372,232.73422,-299.6978,328.48453,83.94636,-145.37876,-29.1534,298.17168,-331.6793,149.45593,221.336845,-178.99246,185.87857,142.470345,-301.80972,151.91626,75.421104,87.142685,382.31448,51.487656,-379.5445,328.897,138.643074,-305.71104,51.7805,292.47514,-420.43,278.87877,313.34752,216.131004,317.39848,216.36688,-65.94813,175.64636,168.17633,114.65205,161.4359,263.34222,-222.65342,408.57191,81.5558,131.75333,158.00409,15.1978,10.33316,286.78596,249.686,144.73126,23.08989,348.045,-114.11977,191.43338,300.067,147.40558,271.43723,200.84207,-437.48763
i321.png,361.51485,184.17154,-118.40801,196.12256,264.22205,-302.883064,268.96753,94.02105,8.16377,296.85152,301.795044,82.1153,289.62495,228.35712,138.94503,271.57904,-5.83504,-173.0465,16.53348,-46.95935,-421.07795,71.21065,131.61222,2.863932,238.12006,-61.76282,42.516136,132.34315,107.11747,-162.98376,133.7004,98.31632,-62.2826,181.4893,89.438286,56.06503,214.39424,14.82586,42.09478,102.5204,70.26468,-13.6601157,95.82372,240.73422,-314.6978,343.48453,64.94636,-154.37876,-59.1534,317.17168,-310.6793,167.45593,214.336845,-198.99246,203.87857,115.470345,-302.80972,158.91626,84.421104,79.142685,386.31448,49.487656,-384.5445,317.897,162.643074,-300.71104,43.7805,284.47514,-393.43,299.87877,292.34752,226.131004,319.39848,245.36688,-50.94813,195.64636,153.17633,117.65205,157.4359,254.34222,-244.65342,422.57191,59.5558,115.75333,156.00409,38.1978,-16.66684,305.78596,219.686,139.73126,11.08989,366.045,-85.11977,200.43338,273.067,144.40558,270.43723,211.84207,-439.48763
i322.png,385.51485,188.17154,-139.40801,205.12256,283.22205,-326.883064,251.96753,117.02105,-9.83623,309.85152,285.795044,78.1153,268.62495,209.35712,118.94503,277.57904,-3.83504,-178.0465,-8.46652,-60.95935,-441.07795,89.21065,156.61222,-8.136068,253.12006,-62.76282,69.516136,148.34315,93.11747,-166.98376,128.7004,94.31632,-50.2826,163.4893,109.438286,55.06503,233.39424,13.82586,47.09478,124.5204,85.26468,-13.6601157,81.82372,249.73422,-313.6978,338.48453,77.94636,-146.37876,-30.1534,326.17168,-288.6793,189.45593,233.336845,-170.99246,216.87857,117.470345,-278.80972,148.91626,58.421104,70.142685,376.31448,69.487656,-374.5445,289.897,167.643074,-278.71104,56.7805,278.47514,-384.43,295.87877,295.34752,241.131004,322.39848,271.36688,-30.94813,172.64636,183.17633,142.65205,160.4359,247.34222,-240.65342,408.57191,38.5558,142.75333,181.00409,63.1978,-2.66684,315.78596,191.686,121.73126,11.08989,351.045,-69.11977,211.43338,295.067,129.40558,295.43723,234.84207,-459.48763
i323.png,414.51485,174.17154,-113.40801,217.12256,270.22205,-312.883064,277.96753,134.02105,-11.83623,300.85152,281.795044,95.1153,267.62495,189.35712,103.94503,291.57904,-15.83504,-160.0465,-28.46652,-87.95935,-462.07795,77.21065,149.61222,-32.136068,254.12006,-43.76282,70.516136,158.34315,64.11747,-182.98376,129.7004,113.31632,-26.2826,169.4893,121.438286,28.06503,231.39424,-16.17414,61.09478,137.5204,79.26468,10.3398843,91.82372,276.73422,-318.6978,362.48453,49.94636,-159.37876,-19.1534,339.17168,-317.6793,194.45593,236.336845,-163.99246,190.87857,111.470345,-255.80972,159.91626,51.421104,40.142685,361.31448,60.487656,-364.5445,300.897,144.643074,-307.71104,54.7805,281.47514,-400.43,309.87877,305.34752,260.131004,307.39848,264.36688,-41.94813,173.64636,176.17633,135.65205,181.4359,237.34222,-248.65342,386.57191,61.5558,164.75333,200.00409,60.1978,8.33316,342.78596,176.686,133.73126,19.08989,364.045,-64.11977,208.43338,311.067,137.40558,276.43723,237.84207,-476.48763
i324.png,402.51485,147.17154,-136.40801,234.12256,290.22205,-323.883064,273.96753,144.02105,-29.83623,272.85152,251.795044,80.1153,239.62495,179.35712,92.94503,312.57904,-20.83504,-189.0465,0.53348,-58.95935,-451.07795,94.21065,154.61222,-57.136068,276.12006,-21.76282,99.516136,138.34315,66.11747,-173.98376,138.7004,107.31632,-42.2826,183.4893,96.438286,45.06503,259.39424,3.82586,37.09478,145.5204,64.26468,21.3398843,116.82372,261.73422,-326.6978,374.48453,49.94636,-159.37876,-49.1534,330.17168,-343.6793,223.45593,235.336845,-154.99246,197.87857,83.470345,-278.80972,152.91626,55.421104,11.142685,372.31448,80.487656,-372.5445,286.897,151.643074,-281.71104,32.7805,292.47514,-394.43,281.87877,287.34752,250.131004,330.39848,241.36688,-14.94813,193.64636,151.17633,141.65205,175.4359,207.34222,-264.65342,404.57191,70.5558,166.75333,196.00409,84.1978,-16.66684,357.78596,180.686,150.73126,36.08989,379.045,-81.11977,216.43338,297.067,151.40558,269.43723,233.84207,-475.48763
i325.png,399.51485,126.17154,-150.40801,208.12256,309.22205,-352.883064,302.96753,115.02105,-48.83623,300.85152,260.795044,96.1153,263.62495,195.35712,77.94503,317.57904,-14.83504,-219.0465,24.53348,-35.95935,-468.07795,81.21065,130.61222,-55.136068,303.12006,-16.76282,125.516136,160.34315,55.11747,-198.98376,167.7004,78.31632,-46.2826,158.4893,114.438286,21.06503,243.39424,33.82586,44.09478,117.5204,51.26468,5.3398843,136.82372,260.73422,-329.6978,374.48453,52.94636,-142.37876,-54.1534,330.17168,-319.6793,248.45593,256.336845,-127.99246,214.87857,58.470345,-261.80972,137.91626,43.421104,-1.857315,390.31448,74.487656,-397.5445,277.897,141.643074,-264.71104,34.7805,264.47514,-383.43,252.87877,277.34752,227.131004,344.39848,226.36688,-25.94813,216.64636,136.17633,153.65205,198.4359,189.34222,-274.65342,393.57191,57.5558,149.75333,212.00409,64.1978,-6.66684,362.78596,189.686,132.73126,41.08989,357.045,-71.11977,245.43338,322.067,123.40558,289.43723,228.84207,-451.48763
i326.png,420.51485,151.17154,-133.40801,191.12256,318.22205,-337.883064,315.96753,103.02105,-44.83623,306.85152,278.795044,67.1153,236.62495,180.35712,76.94503,331.57904,-28.83504,-193.0465,27.53348,-47.95935,-484.07795,55.21065,144.61222,-56.136068,300.12006,-18.76282,116.516136,168.34315,79.11747,-198.98376,174.7004,105.31632,-39.2826,153.4893,120.438286,28.06503,257.39424,4.82586,39.09478,95.5204,76.26468,5.3398843,129.82372,287.73422,-350.6978,376.48453,41.94636,-126.37876,-64.1534,358.17168,-336.6793,256.45593,229.336845,-115.99246,187.87857,66.470345,-236.80972,119.91626,24.421104,28.142685,417.31448,51.487656,-420.5445,288.897,139.643074,-241.71104,13.7805,241.47514,-395.43,227.87877,261.34752,210.131004,355.39848,201.36688,2.05187,216.64636,151.17633,161.65205,217.4359,159.34222,-247.65342,393.57191,66.5558,150.75333,237.00409,34.1978,-9.66684,335.78596,219.686,109.73126,14.08989,340.045,-59.11977,264.43338,335.067,149.40558,301.43723,219.84207,-421.48763
i327.png,432.51485,162.17154,-139.40801,185.12256,321.22205,-308.883064,288.96753,87.02105,-45.83623,322.85152,275.795044,49.1153,255.62495,191.35712,69.94503,321.57904,1.16496,-178.0465,23.53348,-26.95935,-505.07795,73.21065,119.61222,-85.136068,292.12006,-12.76282,114.516136,151.34315,102.11747,-210.98376,183.7004,126.31632,-66.2826,165.4893,112.438286,12.06503,281.39424,1.82586,14.09478,121.5204,84.26468,25.3398843,128.82372,272.73422,-367.6978,373.48453,52.94636,-138.37876,-92.1534,359.17168,-340.6793,255.45593,208.336845,-135.99246,184.87857,96.470345,-234.80972,99.91626,32.421104,42.142685,443.31448,65.487656,-409.5445,312.897,130.643074,-236.71104,3.7805,271.47514,-394.43,246.87877,241.34752,187.131004,335.39848,211.36688,-27.94813,214.64636,181.17633,154.65205,214.4359,153.34222,-268.65342,400.57191,93.5558,132.75333,236.00409,12.1978,-31.66684,324.78596,224.686,137.73126,-10.91011,338.045,-85.11977,279.43338,324.067,146.40558,287.43723,215.84207,-424.48763
i328.png,403.51485,141.17154,-135.40801,193.12256,303.22205,-323.883064,294.96753,60.02105,-29.83623,315.85152,255.795044,53.1153,250.62495,165.35712,45.94503,311.57904,-23.83504,-151.0465,22.53348,-18.95935,-504.07795,70.21065,115.61222,-96.136068,311.12006,3.23718,113.516136,142.34315,126.11747,-232.98376,213.7004,113.31632,-56.2826,147.4893,136.438286,11.06503,287.39424,-18.17414,-3.90522,136.5204,91.26468,43.3398843,152.82372,261.73422,-372.6978,354.48453,25.94636,-128.37876,-113.1534,351.17168,-328.6793,231.45593,208.336845,-120.99246,171.87857,94.470345,-207.80972,90.91626,26.421104,21.142685,417.31448,73.487656,-380.5445,333.897,144.643074,-239.71104,27.7805,256.47514,-375.43,225.87877,261.34752,188.131004,362.39848,220.36688,-2.94813,205.64636,176.17633,137.65205,214.4359,136.34222,-290.65342,394.57191,99.5558,151.75333,212.00409,42.1978,-20.66684,331.78596,212.686,130.73126,5.08989,322.045,-64.11977,308.43338,309.067,166.40558,310.43723,204.84207,-442.48763
i329.png,399.51485,159.17154,-163.40801,181.12256,318.22205,-340.883064,272.96753,85.02105,-31.83623,307.85152,243.795044,33.1153,226.62495,155.35712,39.94503,307.57904,-34.83504,-174.0465,46.53348,9.04065,-474.07795,90.21065,108.61222,-101.136068,320.12006,2.23718,124.516136,132.34315,138.11747,-238.98376,238.7004,123.31632,-52.2826,123.4893,162.438286,-9.93497,309.39424,-35.17414,-26.90522,121.5204,109.26468,14.3398843,141.82372,253.73422,-361.6978,355.48453,35.94636,-141.37876,-131.1534,341.17168,-337.6793,235.45593,214.336845,-103.99246,144.87857,122.470345,-203.80972,71.91626,36.421104,11.142685,413.31448,51.487656,-382.5445,341.897,148.643074,-268.71104,16.7805,276.47514,-395.43,200.87877,264.34752,188.131004,363.39848,237.36688,-8.94813,226.64636,154.17633,148.65205,189.4359,141.34222,-269.65342,411.57191,86.5558,154.75333,193.00409,42.1978,8.33316,331.78596,192.686,132.73126,10.08989,344.045,-38.11977,278.43338,310.067,141.40558,296.43723,186.84207,-439.48763
i330.png,370.51485,145.17154,-192.40801,174.12256,326.22205,-358.883064,251.96753,62.02105,-22.83623,330.85152,240.795044,8.1153,207.62495,145.35712,17.94503,319.57904,-14.83504,-181.0465,27.53348,-6.95935,-458.07795,71.21065,109.61222,-130.136068,310.12006,-26.76282,127.516136,147.34315,142.11747,-228.98376,251.7004,114.31632,-22.2826,125.4893,184.438286,-5.93497,291.39424,-56.17414,2.09478,134.5204,91.26468,-9.6601157,143.82372,277.73422,-380.6978,382.48453,65.94636,-124.37876,-137.1534,337.17168,-340.6793,251.45593,195.336845,-101.99246,119.87857,112.470345,-191.80972,64.91626,24.421104,-5.857315,398.31448,26.487656,-360.5445,315.897,151.643074,-298.71104,20.7805,252.47514,-395.43,179.87877,285.34752,199.131004,359.39848,211.36688,5.05187,231.64636,139.17633,122.65205,170.4359,137.34222,-296.65342,415.57191,114.5558,134.75333,213.00409,53.1978,-17.66684,349.78596,192.686,116.73126,-15.91011,322.045,-49.11977,249.43338,305.067,168.40558,285.43723,183.84207,-417.48763
i331.png,396.51485,119.17154,-184.40801,152.12256,321.22205,-371.883064,272.96753,89.02105,-29.83623,328.85152,224.795044,24.1153,225.62495,152.35712,10.94503,335.57904,-21.83504,-158.0465,23.53348,6.04065,-485.07795,75.21065,114.61222,-118.136068,321.12006,-13.76282,135.516136,155.34315,154.11747,-204.98376,281.7004,142.31632,-1.2826,137.4893,208.438286,-20.93497,299.39424,-58.17414,8.09478,160.5204,95.26468,-30.6601157,140.82372,252.73422,-353.6978,375.48453,84.94636,-114.37876,-157.1534,326.17168,-345.6793,227.45593,166.336845,-82.99246,144.87857,133.470345,-175.80972,54.91626,54.421104,-16.857315,371.31448,52.487656,-351.5445,308.897,139.643074,-326.71104,35.7805,279.47514,-391.43,190.87877,295.34752,225.131004,365.39848,203.36688,-0.94813,258.64636,116.17633,111.65205,189.4359,141.34222,-274.65342,402.57191,90.5558,118.75333,229.00409,52.1978,-8.66684,378.78596,217.686,88.73126,-37.91011,301.045,-57.11977,275.43338,298.067,192.40558,290.43723,210.84207,-442.48763
i332.png,385.51485,103.17154,-176.40801,179.12256,305.22205,-349.883064,282.96753,78.02105,-9.83623,300.85152,242.795044,2.1153,221.62495,153.35712,3.94503,344.57904,-33.83504,-182.0465,7.53348,24.04065,-515.07795,95.21065,126.61222,-147.136068,296.12006,14.23718,157.516136,156.34315,184.11747,-192.98376,263.7004,163.31632,-13.2826,126.4893,236.438286,1.06503,280.39424,-85.17414,16.09478,130.5204,121.26468,-12.6601157,117.82372,232.73422,-336.6978,399.48453,78.94636,-93.37876,-181.1534,336.17168,-338.6793,254.45593,156.336845,-94.99246,115.87857,145.470345,-178.80972,32.91626,48.421104,-7.857315,379.31448,65.487656,-328.5445,335.897,166.643074,-326.71104,55.7805,304.47514,-386.43,182.87877,275.34752,197.131004,377.39848,204.36688,19.05187,246.64636,123.17633,124.65205,184.4359,170.34222,-257.65342,426.57191,102.5558,148.75333,223.00409,47.1978,-34.66684,388.78596,217.686,109.73126,-53.91011,306.045,-61.11977,256.43338,280.067,186.40558,282.43723,230.84207,-465.48763
i333.png,385.51485,125.17154,-177.40801,159.12256,291.22205,-341.883064,289.96753,80.02105,17.16377,282.85152,213.795044,-4.8847,212.62495,181.35712,21.94503,370.57904,-15.83504,-169.0465,-13.46652,27.04065,-519.07795,65.21065,140.61222,-175.136068,304.12006,-11.76282,152.516136,183.34315,178.11747,-200.98376,258.7004,189.31632,-34.2826,147.4893,233.438286,-21.93497,250.39424,-84.17414,45.09478,158.5204,97.26468,-37.6601157,100.82372,221.73422,-364.6978,419.48453,66.94636,-79.37876,-203.1534,320.17168,-343.6793,274.45593,145.336845,-101.99246,87.87857,156.470345,-175.80972,24.91626,75.421104,-32.857315,371.31448,76.487656,-328.5445,324.897,191.643074,-353.71104,64.7805,294.47514,-395.43,190.87877,257.34752,192.131004,347.39848,206.36688,23.05187,227.64636,111.17633,143.65205,170.4359,162.34222,-278.65342,434.57191,124.5558,141.75333,205.00409,31.1978,-61.66684,363.78596,236.686,128.73126,-57.91011,289.045,-54.11977,281.43338,283.067,179.40558,288.43723,237.84207,-458.48763
i334.png,377.51485,118.17154,-204.40801,140.12256,288.22205,-346.883064,312.96753,59.02105,-6.83623,273.85152,216.795044,15.1153,225.62495,189.35712,43.94503,343.57904,-22.83504,-196.0465,-27.46652,34.04065,-549.07795,65.21065,119.61222,-192.136068,289.12006,-9.76282,174.516136,155.34315,160.11747,-177.98376,253.7004,177.31632,-22.2826,158.4893,212.438286,-47.93497,260.39424,-64.17414,16.09478,147.5204,110.26468,-7.6601157,74.82372,222.73422,-337.6978,438.48453,40.94636,-66.37876,-202.1534,347.17168,-365.6793,255.45593,125.336845,-104.99246,93.87857,129.470345,-191.80972,41.91626,66.421104,-30.857315,375.31448,53.487656,-300.5445,297.897,192.643074,-328.71104,78.7805,317.47514,-385.43,190.87877,264.34752,206.131004,343.39848,189.36688,-2.94813,213.64636,118.17633,148.65205,180.4359,157.34222,-303.65342,428.57191,99.5558,158.75333,223.00409,14.1978,-63.66684,381.78596,222.686,109.73126,-33.91011,261.045,-57.11977,255.43338,303.067,195.40558,315.43723,266.84207,-480.48763
i335.png,356.51485,122.17154,-225.40801,152.12256,291.22205,-340.883064,337.96753,35.02105,-0.83623,276.85152,193.795044,30.1153,213.62495,185.35712,38.94503,318.57904,-4.83504,-181.0465,-44.46652,43.04065,-521.07795,86.21065,147.61222,-165.136068,265.12006,-8.76282,169.516136,173.34315,148.11747,-182.98376,238.7004,149.31632,-35.2826,172.4893,199.438286,-34.93497,240.39424,-54.17414,-12.90522,170.5204,105.26468,-32.6601157,57.82372,195.73422,-354.6978,459.48453,69.94636,-86.37876,-212.1534,367.17168,-382.6793,227.45593,96.336845,-101.99246,96.87857,144.470345,-192.80972,21.91626,75.421104,-59.857315,354.31448,33.487656,-315.5445,307.897,177.643074,-324.71104,64.7805,316.47514,-373.43,219.87877,240.34752,220.131004,333.39848,204.36688,-20.94813,187.64636,91.17633,166.65205,153.4359,165.34222,-318.65342,412.57191,99.5558,166.75333,213.00409,39.1978,-69.66684,368.78596,225.686,108.73126,-30.91011,258.045,-47.11977,239.43338,295.067,169.40558,304.43723,242.84207,-472.48763
i336.png,368.51485,146.17154,-222.40801,173.12256,321.22205,-347.883064,351.96753,52.02105,-6.83623,293.85152,214.795044,39.1153,218.62495,156.35712,62.94503,293.57904,1.16496,-189.0465,-35.46652,50.04065,-502.07795,116.21065,170.61222,-167.136068,274.12006,15.23718,199.516136,178.34315,139.11747,-205.98376,257.7004,171.31632,-23.2826,145.4893,216.438286,-33.93497,263.39424,-62.17414,-8.90522,181.5204,113.26468,-44.6601157,37.82372,204.73422,-328.6978,463.48453,65.94636,-63.37876,-242.1534,383.17168,-353.6793,213.45593,88.336845,-103.99246,89.87857,122.470345,-170.80972,6.91626,50.421104,-35.857315,324.31448,4.487656,-310.5445,317.897,172.643074,-322.71104,40.7805,289.47514,-348.43,215.87877,231.34752,215.131004,304.39848,228.36688,-46.94813,189.64636,64.17633,161.65205,174.4359,165.34222,-340.65342,392.57191,83.5558,185.75333,210.00409,46.1978,-43.66684,349.78596,255.686,123.73126,-54.91011,274.045,-75.11977,209.43338,280.067,178.40558,323.43723,262.84207,-457.48763
i337.png,346.51485,159.17154,-203.40801,199.12256,331.22205,-363.883064,360.96753,38.02105,-27.83623,286.85152,213.795044,64.1153,243.62495,140.35712,60.94503,315.57904,20.16496,-195.0465,-14.46652,26.04065,-506.07795,115.21065,164.61222,-158.136068,267.12006,34.23718,197.516136,198.34315,131.11747,-213.98376,252.7004,158.31632,6.7174,135.4893,198.438286,-52.93497,262.39424,-51.17414,-3.90522,183.5204,88.26468,-20.6601157,61.82372,201.73422,-301.6978,482.48453,68.94636,-71.37876,-229.1534,355.17168,-352.6793,198.45593,73.336845,-97.99246,77.87857,137.470345,-151.80972,-7.08374,22.421104,-27.857315,347.31448,-8.512344,-286.5445,308.897,144.643074,-342.71104,21.7805,272.47514,-375.43,203.87877,203.34752,243.131004,331.39848,200.36688,-16.94813,164.64636,56.17633,182.65205,202.4359,142.34222,-359.65342,395.57191,94.5558,155.75333,186.00409,52.1978,-18.66684,355.78596,225.686,139.73126,-59.91011,302.045,-98.11977,213.43338,306.067,205.40558,333.43723,292.84207,-466.48763
i338.png,316.51485,166.17154,-198.40801,218.12256,329.22205,-369.883064,341.96753,60.02105,-33.83623,288.85152,238.795044,38.1153,248.62495,138.35712,37.94503,295.57904,4.16496,-195.0465,-43.46652,9.04065,-499.07795,117.21065,149.61222,-142.136068,239.12006,24.23718,205.516136,181.34315,147.11747,-238.98376,274.7004,173.31632,9.7174,128.4893,215.438286,-67.93497,258.39424,-38.17414,23.09478,165.5204,69.26468,-42.6601157,71.82372,209.73422,-288.6978,452.48453,89.94636,-44.37876,-228.1534,346.17168,-377.6793,216.45593,72.336845,-74.99246,47.87857,107.470345,-127.80972,10.91626,12.421104,-41.857315,331.31448,-23.512344,-269.5445,319.897,125.643074,-335.71104,33.7805,251.47514,-403.43,173.87877,174.34752,231.131004,324.39848,198.36688,-20.94813,153.64636,58.17633,207.65205,178.4359,140.34222,-330.65342,372.57191,123.5558,171.75333,200.00409,64.1978,-38.66684,332.78596,213.686,115.73126,-34.91011,324.045,-98.11977,185.43338,283.067,235.40558,303.43723,316.84207,-490.48763
i339.png,314.51485,153.17154,-224.40801,218.12256,353.22205,-396.883064,367.96753,79.02105,-54.83623,266.85152,242.795044,16.1153,228.62495,146.35712,17.94503,279.57904,16.16496,-206.0465,-40.46652,-4.95935,-475.07795,129.21065,125.61222,-150.136068,248.12006,36.23718,185.516136,158.34315,165.11747,-249.98376,300.7004,181.31632,-8.2826,149.4893,245.438286,-72.93497,254.39424,-8.17414,34.09478,173.5204,72.26468,-12.6601157,50.82372,210.73422,-278.6978,462.48453,119.94636,-42.37876,-212.1534,335.17168,-360.6793,219.45593,97.336845,-69.99246,67.87857,127.470345,-156.80972,11.91626,6.421104,-23.857315,326.31448,4.487656,-254.5445,327.897,137.643074,-317.71104,31.7805,231.47514,-429.43,181.87877,182.34752,208.131004,322.39848,209.36688,8.05187,132.64636,78.17633,179.65205,160.4359,157.34222,-324.65342,369.57191,122.5558,172.75333,188.00409,37.1978,-34.66684,314.78596,206.686,98.73126,-50.91011,300.045,-74.11977,189.43338,264.067,226.40558,318.43723,307.84207,-495.48763
i340.png,341.51485,155.17154,-238.40801,217.12256,338.22205,-388.883064,351.96753,76.02105,-61.83623,242.85152,213.795044,-9.8847,201.62495,133.35712,10.94503,308.57904,20.16496,-226.0465,-47.46652,1.04065,-454.07795,119.21065,95.61222,-136.136068,238.12006,64.23718,209.516136,177.34315,189.11747,-255.98376,323.7004,204.31632,-38.2826,140.4893,244.438286,-43.93497,265.39424,-31.17414,21.09478,165.5204,44.26468,8.3398843,29.82372,239.73422,-292.6978,442.48453,131.94636,-43.37876,-197.1534,332.17168,-374.6793,227.45593,82.336845,-90.99246,74.87857,147.470345,-140.80972,9.91626,3.421104,-32.857315,311.31448,0.487656,-283.5445,337.897,131.643074,-317.71104,54.7805,254.47514,-403.43,155.87877,170.34752,212.131004,306.39848,187.36688,33.05187,151.64636,59.17633,149.65205,130.4359,129.34222,-326.65342,384.57191,148.5558,159.75333,218.00409,35.1978,-53.66684,306.78596,189.686,104.73126,-25.91011,291.045,-96.11977,163.43338,291.067,202.40558,340.43723,332.84207,-469.48763
i341.png,355.51485,138.17154,-247.40801,192.12256,351.22205,-395.883064,369.96753,88.02105,-32.83623,222.85152,212.795044,9.1153,181.62495,127.35712,12.94503,305.57904,0.16496,-238.0465,-43.46652,-0.95935,-474.07795,137.21065,118.61222,-138.136068,231.12006,85.23718,238.516136,194.34315,189.11747,-281.98376,330.7004,221.31632,-26.2826,130.4893,237.438286,-55.93497,292.39424,-14.17414,24.09478,174.5204,67.26468,7.3398843,26.82372,209.73422,-299.6978,430.48453,106.94636,-15.37876,-200.1534,339.17168,-350.6793,248.45593,79.336845,-101.99246,70.87857,175.470345,-119.80972,-5.08374,7.421104,-19.857315,319.31448,-21.512344,-294.5445,359.897,107.643074,-293.71104,65.7805,245.47514,-404.43,145.87877,197.34752,216.131004,299.39848,200.36688,57.05187,165.64636,76.17633,141.65205,138.4359,154.34222,-348.65342,406.57191,136.5558,185.75333,242.00409,43.1978,-47.66684,293.78596,159.686,78.73126,-23.91011,304.045,-69.11977,172.43338,266.067,223.40558,332.43723,335.84207,-490.48763
i342.png,384.51485,161.17154,-219.40801,166.12256,349.22205,-408.883064,385.96753,100.02105,-33.83623,218.85152,227.795044,0.1153,170.62495,130.35712,9.94503,290.57904,-28.83504,-243.0465,-44.46652,-15.95935,-444.07795,131.21065,147.61222,-123.136068,217.12006,112.23718,216.516136,222.34315,198.11747,-263.98376,356.7004,223.31632,-15.2826,117.4893,245.438286,-50.93497,298.39424,11.82586,42.09478,165.5204,62.26468,16.3398843,31.82372,188.73422,-303.6978,434.48453,106.94636,-43.37876,-197.1534,356.17168,-365.6793,225.45593,101.336845,-109.99246,62.87857,170.470345,-139.80972,-0.08374,-12.578896,1.142685,312.31448,-10.512344,-273.5445,377.897,90.643074,-271.71104,83.7805,256.47514,-424.43,115.87877,189.34752,222.131004,287.39848,210.36688,35.05187,182.64636,69.17633,111.65205,114.4359,168.34222,-340.65342,412.57191,155.5558,204.75333,223.00409,17.1978,-63.66684,289.78596,176.686,90.73126,-35.91011,288.045,-50.11977,158.43338,239.067,251.40558,338.43723,311.84207,-515.48763
i343.png,379.51485,154.17154,-226.40801,178.12256,363.22205,-413.883064,393.96753,111.02105,-28.83623,191.85152,234.795044,28.1153,153.62495,153.35712,32.94503,287.57904,-27.83504,-269.0465,-16.46652,-0.95935,-465.07795,102.21065,127.61222,-120.136068,188.12006,124.23718,229.516136,218.34315,191.11747,-251.98376,348.7004,251.31632,-35.2826,95.4893,233.438286,-54.93497,309.39424,29.82586,42.09478,150.5204,64.26468,-4.6601157,4.82372,216.73422,-333.6978,410.48453,79.94636,-67.37876,-177.1534,358.17168,-340.6793,246.45593,93.336845,-85.99246,76.87857,171.470345,-127.80972,18.91626,-29.578896,-20.857315,321.31448,-5.512344,-267.5445,360.897,65.643074,-276.71104,82.7805,240.47514,-395.43,126.87877,191.34752,205.131004,271.39848,206.36688,48.05187,161.64636,51.17633,126.65205,117.4359,182.34222,-320.65342,396.57191,174.5558,186.75333,205.00409,8.1978,-59.66684,293.78596,188.686,91.73126,-15.91011,278.045,-79.11977,159.43338,218.067,258.40558,314.43723,299.84207,-508.48763
